Product Name,SKU,Size,Price
Women's V-Neck T-Shirt,AIRS-T1014-S,S,40.00
Women's V-Neck T-Shirt,AIRS-T1014-M,M,40.00
Women's V-Neck T-Shirt,AIRS-T1014-L,L,40.00
Women's V-Neck T-Shirt,AIRS-T1014-XL,XL,40.00
Women's V-Neck T-Shirt,AIRS-T1014-XXL,2XL,40.00
Est. 1975 Guitar T-Shirt,AIRS-T1010-S,S,40.00
Est. 1975 Guitar T-Shirt,AIRS-T1010-M,M,40.00
Est. 1975 Guitar T-Shirt,AIRS-T1010-L,L,40.00
Est. 1975 Guitar T-Shirt,AIRS-T1010-XL,XL,40.00
Est. 1975 Guitar T-Shirt,AIRS-T1010-XXL,2XL,40.00
Est. 1975 Guitar T-Shirt,AIRS-T1010-3XL,3XL,40.00
Logo Bandana 24',AIRS-ACC1005,N/A,20.00
KOALA MAGNET 24',AIRS-ACC1006,N/A,5.00
Red Logo Lanyards '24,AIRS-TOUR-ACC1001,N/A,10.00
50th Anniversary Denim Jacket,AIRS-JACK1001-S,S,150.00
50th Anniversary Denim Jacket,AIRS-JACK1001-M,M,150.00
50th Anniversary Denim Jacket,AIRS-JACK1001-L,L,150.00
50th Anniversary Denim Jacket,AIRS-JACK1001-XL,XL,150.00
50th Anniversary Denim Jacket,AIRS-JACK1001-XXL,2XL,150.00
Balloon Arch Tee,AIRS-T1017-S,S,40.00
Balloon Arch Tee,AIRS-T1017-M,M,40.00
Balloon Arch Tee,AIRS-T1017-L,L,40.00
Balloon Arch Tee,AIRS-T1017-XL,XL,40.00
Balloon Arch Tee,AIRS-T1017-XXL,2XL,40.00
Balloon Arch Tee,AIRS-T1017-3XL,3XL,40.00
Jazzy Balloon Tee,AIRS-T1018-S,S,40.00
Jazzy Balloon Tee,AIRS-T1018-M,M,40.00
Jazzy Balloon Tee,AIRS-T1018-L,L,40.00
Jazzy Balloon Tee,AIRS-T1018-XL,XL,40.00
Jazzy Balloon Tee,AIRS-T1018-XXL,2XL,40.00
Jazzy Balloon Tee,AIRS-T1018-3XL,3XL,40.00
Balloon Arch Hoodie,AIRS-TOUR-HOOD1003-S,S,75.00
Balloon Arch Hoodie,AIRS-TOUR-HOOD1003-M,M,75.00
Balloon Arch Hoodie,AIRS-TOUR-HOOD1003-L,L,75.00
Balloon Arch Hoodie,AIRS-TOUR-HOOD1003-XL,XL,75.00
Balloon Arch Hoodie,AIRS-TOUR-HOOD1003-XXL,2XL,75.00
Balloon Arch Hoodie,AIRS-TOUR-HOOD1003-3XL,3XL,75.00
Distressed Logo Tote,AIRS-ACC1008,N/A,30.00
Jazzy Balloon Magnet,AIRS-ACC1009,N/A,10.00
